<?xml version="1.0" encoding="UTF-8" ?>
<!DOCTYPE mapper PUBLIC "-//mybatis.org//DTD Mapper 3.0//EN" "http://mybatis.org/dtd/mybatis-3-mapper.dtd" >
<mapper namespace="ie.tcd.ase.dao.UserInfoMapper" >
  <resultMap id="BaseResultMap" type="ie.tcd.ase.entity.UserInfo" >
    <id column="id" property="id" jdbcType="INTEGER" />
    <result column="create_date" property="createDate" jdbcType="DATE" />
    <result column="update_date" property="updateDate" jdbcType="DATE" />
    <result column="create_by" property="createBy" jdbcType="VARCHAR" />
    <result column="update_by" property="updateBy" jdbcType="VARCHAR" />
    <result column="user_name" property="userName" jdbcType="VARCHAR" />
    <result column="gender" property="gender" jdbcType="VARCHAR" />
    <result column="email" property="email" jdbcType="VARCHAR" />
    <result column="phone_number" property="phoneNumber" jdbcType="INTEGER" />
  </resultMap>
  <sql id="Example_Where_Clause" >
    <where >
      <foreach collection="oredCriteria" item="criteria" separator="or" >
        <if test="criteria.valid" >
          <trim prefix="(" suffix=")" prefixOverrides="and" >
            <foreach collection="criteria.criteria" item="criterion" >
              <choose >
                <when test="criterion.noValue" >
                  and ${criterion.condition}
                </when>
                <when test="criterion.singleValue" >
                  and ${criterion.condition} #{criterion.value}
                </when>
                <when test="criterion.betweenValue" >
                  and ${criterion.condition} #{criterion.value} and #{criterion.secondValue}
                </when>
                <when test="criterion.listValue" >
                  and ${criterion.condition}
                  <foreach collection="criterion.value" item="listItem" open="(" close=")" separator="," >
                    #{listItem}
                  </foreach>
                </when>
              </choose>
            </foreach>
          </trim>
        </if>
      </foreach>
    </where>
  </sql>
  <sql id="Update_By_Example_Where_Clause" >
    <where >
      <foreach collection="example.oredCriteria" item="criteria" separator="or" >
        <if test="criteria.valid" >
          <trim prefix="(" suffix=")" prefixOverrides="and" >
            <foreach collection="criteria.criteria" item="criterion" >
              <choose >
                <when test="criterion.noValue" >
                  and ${criterion.condition}
                </when>
                <when test="criterion.singleValue" >
                  and ${criterion.condition} #{criterion.value}
                </when>
                <when test="criterion.betweenValue" >
                  and ${criterion.condition} #{criterion.value} and #{criterion.secondValue}
                </when>
                <when test="criterion.listValue" >
                  and ${criterion.condition}
                  <foreach collection="criterion.value" item="listItem" open="(" close=")" separator="," >
                    #{listItem}
                  </foreach>
                </when>
              </choose>
            </foreach>
          </trim>
        </if>
      </foreach>
    </where>
  </sql>
  <sql id="Base_Column_List" >
    id, create_date, update_date, create_by, update_by, user_name, gender, email, phone_number
  </sql>
  <select id="selectByExample" resultMap="BaseResultMap" parameterType="ie.tcd.ase.entity.UserInfoExample" >
    select
    <if test="distinct" >
      distinct
    </if>
    <include refid="Base_Column_List" />
    from user_info
    <if test="_parameter != null" >
      <include refid="Example_Where_Clause" />
    </if>
    <if test="orderByClause != null" >
      order by ${orderByClause}
    </if>
  </select>
  <select id="selectByPrimaryKey" resultMap="BaseResultMap" parameterType="java.lang.Integer" >
    select 
    <include refid="Base_Column_List" />
    from user_info
    where id = #{id,jdbcType=INTEGER}
  </select>
  <delete id="deleteByPrimaryKey" parameterType="java.lang.Integer" >
    delete from user_info
    where id = #{id,jdbcType=INTEGER}
  </delete>
  <delete id="deleteByExample" parameterType="ie.tcd.ase.entity.UserInfoExample" >
    delete from user_info
    <if test="_parameter != null" >
      <include refid="Example_Where_Clause" />
    </if>
  </delete>
  <insert id="insert" parameterType="ie.tcd.ase.entity.UserInfo" >
    insert into user_info (id, create_date, update_date, 
      create_by, update_by, user_name, 
      gender, email, phone_number
      )
    values (#{id,jdbcType=INTEGER}, #{createDate,jdbcType=DATE}, #{updateDate,jdbcType=DATE}, 
      #{createBy,jdbcType=VARCHAR}, #{updateBy,jdbcType=VARCHAR}, #{userName,jdbcType=VARCHAR}, 
      #{gender,jdbcType=VARCHAR}, #{email,jdbcType=VARCHAR}, #{phoneNumber,jdbcType=INTEGER}
      )
  </insert>
  <insert id="insertSelective" parameterType="ie.tcd.ase.entity.UserInfo" >
    insert into user_info
    <trim prefix="(" suffix=")" suffixOverrides="," >
      <if test="id != null" >
        id,
      </if>
      <if test="createDate != null" >
        create_date,
      </if>
      <if test="updateDate != null" >
        update_date,
      </if>
      <if test="createBy != null" >
        create_by,
      </if>
      <if test="updateBy != null" >
        update_by,
      </if>
      <if test="userName != null" >
        user_name,
      </if>
      <if test="gender != null" >
        gender,
      </if>
      <if test="email != null" >
        email,
      </if>
      <if test="phoneNumber != null" >
        phone_number,
      </if>
    </trim>
    <trim prefix="values (" suffix=")" suffixOverrides="," >
      <if test="id != null" >
        #{id,jdbcType=INTEGER},
      </if>
      <if test="createDate != null" >
        #{createDate,jdbcType=DATE},
      </if>
      <if test="updateDate != null" >
        #{updateDate,jdbcType=DATE},
      </if>
      <if test="createBy != null" >
        #{createBy,jdbcType=VARCHAR},
      </if>
      <if test="updateBy != null" >
        #{updateBy,jdbcType=VARCHAR},
      </if>
      <if test="userName != null" >
        #{userName,jdbcType=VARCHAR},
      </if>
      <if test="gender != null" >
        #{gender,jdbcType=VARCHAR},
      </if>
      <if test="email != null" >
        #{email,jdbcType=VARCHAR},
      </if>
      <if test="phoneNumber != null" >
        #{phoneNumber,jdbcType=INTEGER},
      </if>
    </trim>
  </insert>
  <select id="countByExample" parameterType="ie.tcd.ase.entity.UserInfoExample" resultType="java.lang.Integer" >
    select count(*) from user_info
    <if test="_parameter != null" >
      <include refid="Example_Where_Clause" />
    </if>
  </select>
  <update id="updateByExampleSelective" parameterType="map" >
    update user_info
    <set >
      <if test="record.id != null" >
        id = #{record.id,jdbcType=INTEGER},
      </if>
      <if test="record.createDate != null" >
        create_date = #{record.createDate,jdbcType=DATE},
      </if>
      <if test="record.updateDate != null" >
        update_date = #{record.updateDate,jdbcType=DATE},
      </if>
      <if test="record.createBy != null" >
        create_by = #{record.createBy,jdbcType=VARCHAR},
      </if>
      <if test="record.updateBy != null" >
        update_by = #{record.updateBy,jdbcType=VARCHAR},
      </if>
      <if test="record.userName != null" >
        user_name = #{record.userName,jdbcType=VARCHAR},
      </if>
      <if test="record.gender != null" >
        gender = #{record.gender,jdbcType=VARCHAR},
      </if>
      <if test="record.email != null" >
        email = #{record.email,jdbcType=VARCHAR},
      </if>
      <if test="record.phoneNumber != null" >
        phone_number = #{record.phoneNumber,jdbcType=INTEGER},
      </if>
    </set>
    <if test="_parameter != null" >
      <include refid="Update_By_Example_Where_Clause" />
    </if>
  </update>
  <update id="updateByExample" parameterType="map" >
    update user_info
    set id = #{record.id,jdbcType=INTEGER},
      create_date = #{record.createDate,jdbcType=DATE},
      update_date = #{record.updateDate,jdbcType=DATE},
      create_by = #{record.createBy,jdbcType=VARCHAR},
      update_by = #{record.updateBy,jdbcType=VARCHAR},
      user_name = #{record.userName,jdbcType=VARCHAR},
      gender = #{record.gender,jdbcType=VARCHAR},
      email = #{record.email,jdbcType=VARCHAR},
      phone_number = #{record.phoneNumber,jdbcType=INTEGER}
    <if test="_parameter != null" >
      <include refid="Update_By_Example_Where_Clause" />
    </if>
  </update>
  <update id="updateByPrimaryKeySelective" parameterType="ie.tcd.ase.entity.UserInfo" >
    update user_info
    <set >
      <if test="createDate != null" >
        create_date = #{createDate,jdbcType=DATE},
      </if>
      <if test="updateDate != null" >
        update_date = #{updateDate,jdbcType=DATE},
      </if>
      <if test="createBy != null" >
        create_by = #{createBy,jdbcType=VARCHAR},
      </if>
      <if test="updateBy != null" >
        update_by = #{updateBy,jdbcType=VARCHAR},
      </if>
      <if test="userName != null" >
        user_name = #{userName,jdbcType=VARCHAR},
      </if>
      <if test="gender != null" >
        gender = #{gender,jdbcType=VARCHAR},
      </if>
      <if test="email != null" >
        email = #{email,jdbcType=VARCHAR},
      </if>
      <if test="phoneNumber != null" >
        phone_number = #{phoneNumber,jdbcType=INTEGER},
      </if>
    </set>
    where id = #{id,jdbcType=INTEGER}
  </update>
  <update id="updateByPrimaryKey" parameterType="ie.tcd.ase.entity.UserInfo" >
    update user_info
    set create_date = #{createDate,jdbcType=DATE},
      update_date = #{updateDate,jdbcType=DATE},
      create_by = #{createBy,jdbcType=VARCHAR},
      update_by = #{updateBy,jdbcType=VARCHAR},
      user_name = #{userName,jdbcType=VARCHAR},
      gender = #{gender,jdbcType=VARCHAR},
      email = #{email,jdbcType=VARCHAR},
      phone_number = #{phoneNumber,jdbcType=INTEGER}
    where id = #{id,jdbcType=INTEGER}
  </update>
</mapper>